House for sale,Loan,current account,Textile,Unemployment,government,Hotels,Jobs,Birthday,Credit,revenue,M0,Economy News,Crisis,Manufacturing,Real estate,protest,deficit,Inflation,Travel,Aviation,Economic crisis,Interest,Car Loan,Weddings,FMCG,Fitness,budget,Tourism,subsidy,stock market,Recession,USAID,taxes,ehsaas program,World News,Politics,Cinema,trade,Financial crisis,CPI,Cars,Newspapers,Cigarette,House Loan,Food,LSM,Construction,PSB,Agriculture,mehngai,Fast Food,Business News,parliament,Investment,economic growth,elections
0,0,0,0,0,0,100,92,0,100,0,0,0,0,0,0,0,0,0,76,0,0,0,0,0,0,0,0,63,0,0,0,0,0,0,0,0,31,71,0,0,78,0,0,0,84,0,66,0,0,0,0,0,0,0,0,0
0,0,0,0,0,0,75,87,71,0,0,0,0,0,0,0,0,0,0,63,0,0,0,0,0,0,100,0,73,0,0,0,0,0,0,0,0,0,100,0,0,61,95,0,0,92,0,54,0,63,0,0,0,0,60,0,0
0,0,0,0,0,64,86,65,0,62,0,0,0,0,0,0,0,0,0,86,0,0,0,0,0,0,0,100,100,0,0,0,0,0,0,0,0,39,96,0,0,69,0,0,0,99,0,100,0,100,0,0,0,0,0,0,0
0,0,0,0,0,52,100,73,58,55,0,0,0,0,99,0,0,0,100,88,0,0,0,0,0,0,0,0,96,0,0,0,0,0,0,0,0,34,82,0,0,52,66,0,0,98,0,77,0,50,0,0,0,0,55,0,0
0,44,0,0,0,100,94,90,51,75,0,0,0,0,68,0,0,0,0,97,0,0,0,0,0,0,0,0,88,0,0,100,0,0,0,0,0,16,79,0,0,84,100,0,0,95,0,68,0,0,0,0,0,0,45,0,0
0,0,0,100,0,59,93,100,47,49,0,0,0,0,0,58,0,0,0,100,0,0,0,0,0,0,0,0,60,0,0,0,0,0,0,0,0,22,44,0,0,83,0,0,0,96,0,44,0,0,0,0,0,0,0,0,0
0,0,0,0,0,38,74,77,48,44,0,0,0,0,57,50,0,0,0,65,0,0,0,0,0,0,63,0,57,0,0,0,0,0,0,0,0,21,39,0,0,55,61,0,0,61,0,25,0,0,0,0,0,0,0,0,0
0,37,0,0,0,50,94,97,0,77,0,0,0,0,59,62,0,0,0,76,0,0,0,0,0,0,0,34,59,0,0,0,0,0,0,0,0,26,39,0,0,66,56,0,0,77,0,34,0,0,0,0,0,0,0,0,0
0,0,0,0,0,58,83,74,45,95,0,0,0,0,0,44,0,0,0,71,0,0,0,0,0,0,59,0,49,0,0,0,100,0,0,0,0,32,68,0,0,100,41,0,0,96,0,40,0,0,0,0,0,0,41,0,15
0,0,0,86,0,93,70,63,47,66,0,0,0,0,0,46,0,0,0,68,0,0,0,0,0,0,0,0,56,0,0,0,0,0,0,0,0,15,99,0,0,93,38,0,0,94,0,62,0,0,0,0,0,0,85,0,17
0,0,0,0,0,61,72,56,34,74,0,0,0,0,60,50,0,0,0,66,0,0,0,0,0,0,0,0,55,0,0,0,0,0,0,0,0,30,66,0,0,70,62,0,0,65,0,58,0,0,100,0,0,0,68,0,0
0,0,0,76,0,67,77,77,38,58,0,0,0,0,100,51,0,0,0,55,0,0,0,0,0,0,0,0,56,0,0,0,0,0,0,0,0,36,70,0,0,69,63,0,0,100,0,63,0,35,0,0,0,0,47,0,12
0,0,0,62,0,72,83,63,69,84,0,0,0,0,79,70,0,0,0,54,100,0,0,0,0,0,0,0,45,0,0,0,61,100,0,0,0,49,57,0,0,61,51,0,0,64,0,44,0,33,0,0,0,0,46,0,0
0,0,0,0,0,81,78,54,59,56,0,0,0,0,0,48,0,0,0,61,0,0,0,0,0,0,0,0,45,0,0,0,0,0,0,0,0,41,38,0,0,73,50,0,0,75,0,53,0,33,0,0,0,100,24,0,0
0,0,0,47,100,45,75,58,38,53,0,0,0,100,43,52,0,0,0,62,0,0,0,0,0,0,40,20,66,0,37,0,0,0,0,0,100,28,55,0,0,73,44,0,0,92,0,50,0,32,0,100,0,0,26,0,9
0,0,0,44,97,59,76,70,42,71,0,0,0,0,53,39,0,0,0,75,0,0,0,0,0,0,0,0,63,0,0,0,0,0,0,0,94,29,47,0,0,71,45,0,0,94,0,39,0,48,0,0,0,0,48,0,0
0,20,0,52,0,61,78,50,28,50,0,0,0,0,81,49,0,0,0,74,0,0,0,0,0,0,0,24,60,0,0,0,63,0,0,0,82,26,65,0,0,71,58,0,0,77,0,52,0,39,0,0,0,0,54,0,0
0,0,0,0,0,50,73,63,33,55,0,0,0,0,32,40,0,0,0,67,91,0,0,0,0,0,0,19,40,0,0,0,0,0,0,0,0,31,44,0,0,70,45,0,0,67,0,39,0,36,0,0,0,0,29,0,0
0,0,0,0,0,42,66,45,32,36,0,0,0,0,35,43,0,0,0,47,0,0,0,0,0,0,0,0,39,0,0,0,0,0,0,0,0,34,32,0,0,58,29,0,0,57,0,37,0,18,0,0,0,0,29,0,0
0,0,0,59,0,44,68,55,39,42,0,0,0,0,44,47,0,0,0,56,0,0,0,0,0,0,35,0,30,0,0,0,0,0,0,0,0,29,47,0,0,68,26,0,0,61,0,21,0,25,0,0,0,0,30,0,8
0,0,0,32,0,42,59,63,52,43,0,0,0,0,62,43,0,0,0,50,0,0,0,0,0,0,24,0,34,0,33,0,39,0,0,0,0,20,39,0,0,63,35,0,0,69,0,24,0,23,0,0,0,0,31,0,16
0,0,0,43,0,35,66,59,38,50,0,0,0,66,50,58,0,0,0,48,0,0,0,0,0,0,26,0,52,0,0,0,0,0,0,0,61,16,51,0,0,64,44,0,0,77,0,49,0,27,0,0,0,0,20,0,16
0,0,0,60,0,36,53,49,42,40,0,0,0,61,52,35,0,0,0,52,52,0,0,0,0,0,0,15,37,0,55,0,35,0,0,0,0,22,43,0,0,60,51,0,0,75,0,45,0,20,0,0,0,0,37,0,19
0,24,0,43,0,46,57,49,30,56,0,0,0,0,45,44,0,0,28,54,0,0,100,0,0,0,24,0,36,0,93,0,0,0,0,0,0,22,52,0,0,57,52,0,0,73,0,35,0,34,0,0,0,0,42,0,11
0,20,0,25,0,39,53,48,34,66,0,0,0,45,26,40,0,0,0,52,0,0,0,0,0,0,42,15,33,0,56,0,0,0,0,0,0,23,37,0,0,53,58,0,0,51,0,18,0,17,0,0,0,0,25,0,0
0,13,0,32,0,43,57,45,43,51,0,0,0,40,23,41,0,0,0,57,0,0,76,0,0,0,30,15,33,0,63,0,0,0,0,100,57,27,33,0,0,54,62,0,0,62,0,39,0,19,0,0,0,0,31,0,0
0,33,0,22,40,34,55,40,25,49,0,0,0,55,33,50,0,0,0,45,52,0,60,0,0,0,30,10,40,0,55,0,43,34,0,0,46,21,51,0,0,53,45,0,0,63,0,34,0,21,0,0,0,0,45,0,5
0,32,0,29,41,39,67,38,35,51,0,0,0,36,29,45,0,0,0,45,62,0,0,0,0,0,25,12,41,0,27,0,0,0,0,0,0,21,35,0,0,47,35,0,0,53,0,31,0,15,0,0,0,0,31,0,0
0,39,0,27,68,39,56,47,37,62,0,0,0,37,34,65,0,0,23,54,0,0,81,0,0,0,26,10,44,0,66,0,38,0,0,0,44,21,51,0,0,54,34,0,0,68,0,31,0,22,0,0,0,0,27,0,8
0,40,0,29,0,36,55,39,29,57,0,0,0,0,33,39,0,0,0,51,0,0,0,0,0,0,13,0,26,0,16,0,26,0,0,75,0,22,29,0,0,48,36,0,0,43,100,22,0,14,0,0,0,0,26,0,0
0,32,0,0,0,29,48,33,25,51,0,0,0,26,16,35,0,0,0,41,0,0,61,0,0,0,17,12,24,0,26,0,20,0,0,0,0,21,26,0,0,39,40,0,0,29,0,18,0,0,0,0,0,0,15,0,0
0,40,0,22,0,29,45,43,27,48,0,0,0,0,19,40,0,0,0,40,42,0,0,0,0,0,20,7,20,0,21,0,20,0,0,0,0,20,38,0,0,50,29,0,0,33,0,20,0,13,0,0,0,0,23,0,0
0,17,0,26,0,20,48,39,37,50,0,0,0,26,20,38,0,0,0,36,36,0,0,0,0,0,18,11,25,0,24,0,0,0,0,0,27,18,34,0,0,48,33,0,0,44,0,22,0,15,0,0,0,0,18,0,0
0,25,0,27,0,34,45,38,27,55,0,0,0,27,24,35,0,0,0,37,37,0,43,0,0,0,20,9,28,0,23,0,0,0,0,0,28,15,30,0,0,55,44,0,0,48,0,24,0,14,0,0,0,0,24,0,4
0,62,0,39,0,29,42,38,33,61,100,0,0,37,36,100,0,0,12,38,29,0,59,0,0,0,21,14,23,0,100,0,18,39,0,0,28,19,45,0,0,47,31,0,0,48,0,25,0,15,0,28,0,0,100,0,0
0,41,0,22,25,28,40,33,35,58,0,0,0,29,22,35,65,0,0,36,38,0,53,0,0,0,15,10,23,0,17,0,14,0,0,37,32,18,27,0,0,43,26,0,0,44,0,22,0,10,0,23,0,0,57,0,4
0,31,0,15,24,23,43,36,29,57,0,0,0,26,25,40,0,0,0,42,38,0,0,0,0,0,16,6,23,0,21,0,20,0,0,0,0,22,24,0,0,40,27,0,0,40,0,15,0,10,0,25,0,0,31,0,0
0,27,0,20,0,21,36,31,29,52,0,0,0,21,22,36,0,0,0,30,33,0,51,0,0,0,18,10,21,0,12,0,13,0,0,23,24,19,33,0,0,38,20,0,0,47,0,18,0,10,0,0,0,0,31,0,0
0,30,0,20,30,22,36,28,20,47,0,0,0,23,18,25,0,0,0,29,22,0,28,0,0,0,19,8,23,0,17,0,15,0,0,0,24,16,27,0,0,39,23,0,0,45,0,23,0,15,0,0,0,0,23,100,0
0,24,0,16,21,20,33,27,21,40,0,0,0,25,19,32,0,0,9,33,26,0,39,0,0,0,14,7,22,0,12,0,12,15,0,18,24,14,26,0,0,36,23,0,0,40,0,16,0,8,0,0,0,0,19,0,4
0,19,0,21,32,24,40,32,36,49,0,0,0,27,27,36,0,0,11,34,29,0,45,0,0,0,16,8,24,0,12,0,13,17,0,24,23,14,28,0,0,41,20,0,0,36,0,24,0,12,0,0,0,0,26,0,3
0,17,0,13,0,15,38,31,28,45,0,0,0,28,23,34,0,0,9,30,27,0,33,40,0,0,13,4,17,0,10,0,17,0,0,0,14,17,25,0,0,38,15,0,0,35,0,16,0,8,0,0,0,0,17,0,0
0,18,100,10,0,19,31,27,19,43,0,0,0,14,11,27,0,0,0,25,25,0,21,0,0,0,12,7,12,0,11,0,8,0,0,26,13,16,21,0,0,29,24,0,0,25,0,13,0,5,0,0,0,0,14,0,0
0,100,0,12,0,18,34,30,21,73,38,0,0,16,16,32,0,0,0,25,25,0,53,100,0,0,9,5,14,0,12,0,9,0,0,14,0,17,19,0,0,31,19,0,0,29,0,13,0,6,0,0,0,0,15,0,1
0,36,0,9,0,15,31,28,27,47,51,0,0,24,18,29,0,0,0,31,26,0,39,0,100,0,16,6,16,0,10,0,10,0,0,16,13,12,23,0,0,36,22,0,0,33,0,15,0,11,0,17,0,0,17,0,2
0,39,0,16,19,20,33,30,29,58,0,0,0,22,16,26,0,100,8,24,31,0,45,0,0,0,15,8,15,0,16,0,8,15,0,17,19,13,25,0,0,34,33,0,0,34,0,15,0,8,0,0,0,0,17,0,0
0,17,0,18,24,20,31,29,30,34,0,0,0,34,32,26,0,0,7,23,33,0,35,0,0,0,12,7,22,0,17,0,10,12,0,19,12,15,23,0,0,31,23,0,0,42,0,20,0,13,0,16,0,0,19,0,0
0,10,0,11,35,17,24,23,22,32,0,0,0,24,18,24,0,0,7,24,21,0,34,0,0,0,12,7,19,0,13,0,9,15,0,17,14,19,23,0,0,31,21,0,0,32,0,19,0,8,0,12,0,0,19,0,2
0,8,0,12,16,14,28,25,25,36,0,0,0,20,17,26,0,0,8,23,27,0,33,0,57,0,11,4,14,0,21,0,13,0,0,15,0,15,23,0,0,31,19,0,0,29,0,16,0,9,0,0,0,11,14,0,2
0,8,0,14,0,16,27,27,24,33,32,0,0,27,17,28,0,0,11,26,31,0,35,0,0,0,12,6,13,0,13,0,16,0,0,19,17,15,21,0,0,27,21,0,0,35,0,17,0,9,0,11,0,0,20,0,3
0,8,0,18,20,18,27,25,26,31,37,0,0,30,22,24,0,0,5,26,33,0,30,0,0,0,13,6,16,0,14,0,9,0,0,10,23,13,24,0,0,29,18,0,0,36,0,15,0,10,0,12,0,12,13,0,3
0,7,0,14,15,17,30,22,21,34,0,0,0,36,16,27,28,0,13,24,23,0,27,0,57,0,10,5,15,0,13,0,9,9,0,13,16,12,17,0,0,27,17,62,0,35,0,18,0,11,0,13,0,0,17,53,2
0,8,0,14,21,20,27,26,25,35,31,0,0,38,15,30,0,0,14,27,24,0,43,0,47,0,8,6,16,0,12,0,9,9,0,13,18,12,21,0,100,30,19,0,0,36,0,18,0,10,0,9,0,0,20,63,2
0,7,0,9,11,14,28,24,21,30,0,0,0,23,14,24,0,0,5,23,19,0,26,0,45,0,7,4,10,0,14,0,6,0,0,11,9,15,15,0,0,28,18,0,0,31,0,13,0,6,0,0,0,0,12,0,1
0,8,0,11,6,15,24,22,20,25,0,0,0,16,12,20,0,0,5,20,23,0,24,0,74,69,11,4,10,0,9,0,7,0,0,9,6,14,14,0,0,24,14,0,0,24,0,14,0,5,0,11,0,0,11,0,0
0,7,0,7,0,15,21,23,24,27,0,0,0,13,15,31,0,0,4,21,21,0,22,0,0,0,13,5,11,0,10,0,5,8,0,13,8,13,15,0,0,26,17,43,0,28,0,29,0,5,0,0,0,13,13,0,0
0,4,0,10,0,18,25,27,27,29,0,0,0,26,11,21,0,0,6,22,19,0,38,0,43,0,9,6,13,0,17,0,8,0,0,17,19,11,17,0,0,31,22,0,0,31,0,13,0,5,0,10,0,0,12,0,0
0,4,0,12,9,16,22,26,28,31,0,0,0,95,14,21,0,0,8,18,26,64,32,0,47,0,12,5,14,0,24,0,8,9,0,22,19,13,19,98,0,31,18,44,0,34,0,15,0,9,0,10,0,0,15,0,3
0,3,0,13,12,16,23,25,28,27,30,0,0,75,14,24,0,0,5,22,22,36,40,0,51,0,10,4,17,0,19,5,6,9,0,15,21,14,23,75,0,28,21,0,0,42,0,16,0,7,0,8,0,9,16,0,6
0,2,0,9,22,14,18,20,33,23,40,0,0,87,15,15,0,0,6,17,20,74,36,0,0,0,14,4,15,0,14,6,5,0,0,21,18,14,17,98,0,26,20,0,0,34,0,13,0,6,0,11,0,0,12,0,1
0,3,0,14,10,13,20,27,32,23,28,0,0,78,13,20,0,0,6,20,21,66,23,0,0,100,13,4,12,0,12,6,9,8,0,17,14,14,16,100,0,28,26,51,0,29,0,13,0,7,0,8,0,0,12,0,0
0,2,0,9,0,13,20,23,29,22,30,0,0,57,15,16,0,0,4,17,20,43,24,0,0,0,10,5,11,0,12,5,7,0,0,11,13,13,14,48,0,26,21,47,0,29,0,14,0,7,0,10,0,0,10,0,1
0,3,0,10,14,17,18,23,30,24,32,0,0,80,17,15,0,0,5,19,22,100,25,0,33,0,12,4,15,0,15,5,8,6,0,8,16,13,18,66,0,27,23,49,0,33,0,14,0,9,0,9,0,0,12,0,0
0,4,0,9,14,15,20,24,29,25,39,0,0,74,13,16,0,55,4,17,20,98,28,0,43,0,10,5,13,0,13,5,6,8,0,12,11,12,16,78,0,27,22,100,0,28,0,12,0,6,0,6,0,6,10,0,1
0,3,0,10,23,16,21,26,30,21,30,0,0,66,13,18,0,0,6,19,23,57,34,0,45,59,12,5,11,0,15,5,6,10,0,9,16,14,19,69,0,33,24,35,0,30,0,12,0,7,0,10,0,0,9,33,1
43,3,0,8,10,11,19,23,29,19,22,0,0,30,9,14,0,0,0,19,19,44,30,0,30,56,9,4,10,0,10,0,4,8,0,22,5,17,12,23,0,30,25,53,0,24,0,10,0,5,0,7,0,0,9,0,2
0,2,0,5,6,12,22,23,27,18,18,0,0,29,10,12,0,0,3,17,19,19,13,0,26,0,8,4,9,40,10,0,4,9,0,9,7,15,11,20,0,27,20,0,0,21,0,10,0,5,0,6,0,0,9,0,0
0,2,0,7,7,11,22,26,32,23,32,0,0,26,11,18,0,0,3,16,16,0,14,0,37,0,10,3,9,0,10,0,4,10,0,12,8,14,14,20,0,30,23,44,0,26,0,10,0,4,0,7,0,0,9,0,0
0,2,0,6,7,13,22,27,37,23,20,0,0,26,10,15,0,0,0,17,22,22,14,0,46,0,12,4,9,0,10,0,5,8,0,15,5,11,12,17,0,35,23,39,0,23,0,10,0,4,0,6,0,0,8,0,2
0,2,0,9,14,15,21,31,38,22,34,0,0,37,17,15,0,0,4,19,21,38,27,0,57,69,10,4,13,0,13,0,6,11,0,14,13,13,15,25,0,33,25,50,0,30,0,13,0,7,0,14,0,6,10,33,1
0,2,0,8,7,12,20,24,41,21,19,0,0,36,13,14,0,0,4,14,18,41,24,0,50,71,9,4,13,0,11,4,9,7,0,18,13,17,13,18,0,30,38,0,0,27,0,14,0,5,0,10,0,5,8,0,1
0,2,0,8,15,12,18,26,42,24,27,0,0,43,14,14,0,0,6,18,21,25,20,0,44,0,8,5,15,0,11,0,6,7,0,13,13,17,16,34,0,33,26,49,0,32,0,16,0,6,0,16,100,0,11,0,1
0,1,0,7,7,10,17,25,39,21,29,0,0,24,12,13,15,0,4,18,23,22,20,0,45,0,10,5,10,0,11,0,6,10,0,9,11,17,14,18,0,34,36,52,0,24,0,13,0,4,0,8,0,0,8,0,0
0,2,0,5,7,11,17,24,39,22,30,0,0,24,8,14,0,0,3,18,21,0,18,0,43,0,9,4,10,0,8,0,6,8,0,12,11,19,12,17,0,33,31,38,0,26,0,11,0,5,0,6,0,0,10,0,1
0,2,0,7,10,13,21,26,36,22,18,0,0,42,12,15,0,37,3,16,21,35,35,0,41,0,9,5,13,0,6,0,5,11,0,17,13,16,14,22,47,33,26,59,0,31,0,15,0,5,0,10,0,0,9,23,1
0,3,0,8,10,10,19,25,36,20,19,0,0,29,11,15,0,0,5,19,23,0,25,0,49,52,8,3,10,0,6,2,4,11,0,14,14,17,15,23,0,34,25,59,0,30,0,14,0,7,0,12,0,4,10,0,1
0,4,0,10,19,13,23,26,42,25,30,0,0,39,12,17,12,43,7,19,19,40,30,0,57,52,11,5,12,0,13,0,5,14,0,14,14,18,16,33,0,31,29,49,0,30,0,14,0,5,0,13,0,4,11,26,2
0,2,0,5,5,9,21,25,39,21,27,0,0,20,7,12,0,0,3,19,18,0,18,0,44,60,9,4,10,0,8,0,4,9,0,25,9,18,14,0,0,30,23,36,0,23,0,12,0,4,0,8,0,0,9,0,1
0,2,0,5,6,9,20,23,39,19,16,0,0,16,8,13,0,0,0,15,13,0,22,0,32,50,9,4,8,0,6,0,4,6,0,11,6,21,11,0,0,29,18,26,0,20,0,10,0,2,0,8,0,0,8,0,0
0,3,0,6,5,7,20,28,45,22,17,0,0,14,6,15,0,0,3,17,23,0,23,0,30,59,8,4,8,0,7,0,4,0,0,10,6,16,12,0,0,37,17,39,0,24,0,10,0,3,0,8,0,0,9,0,1
0,3,0,7,0,10,19,30,53,24,31,0,0,14,9,14,0,0,4,17,24,0,23,0,50,58,10,3,8,0,7,0,4,7,0,12,5,17,12,0,0,34,21,44,0,24,0,12,0,4,0,5,0,4,10,0,1
35,2,0,6,8,12,20,28,53,23,35,0,0,20,12,16,0,0,4,18,25,0,25,0,46,0,10,5,11,0,7,0,4,7,0,11,14,17,14,13,0,35,20,49,0,32,0,14,0,7,0,13,0,0,11,0,1
0,2,0,8,8,10,19,24,48,26,21,0,0,24,12,14,0,0,4,18,24,0,25,0,39,50,8,4,10,0,5,0,5,10,0,11,11,23,15,14,0,34,20,56,0,26,0,14,0,6,0,5,0,6,9,0,7
0,3,0,8,16,9,16,26,55,22,28,0,0,26,12,12,0,38,6,17,25,0,26,0,28,47,8,5,11,0,6,0,5,8,0,12,13,20,15,14,0,34,20,31,0,26,0,14,0,5,0,10,0,6,10,0,3
25,2,0,5,9,9,15,22,50,21,27,0,0,22,9,15,66,0,4,15,18,0,22,0,25,52,9,4,9,0,7,0,4,6,0,24,12,16,13,11,25,32,22,57,0,23,0,11,0,4,0,8,0,0,8,0,0
0,1,0,2,5,11,7,15,36,17,10,0,0,32,4,6,100,0,2,9,9,0,11,0,20,0,6,3,6,0,8,0,2,5,0,19,12,11,7,6,0,22,20,15,0,14,0,5,0,2,0,3,0,3,4,0,1
0,2,0,4,8,8,10,18,48,18,15,0,0,25,6,7,38,25,3,10,11,0,18,0,30,61,8,3,7,0,14,2,5,5,0,14,13,11,9,7,0,25,20,29,0,18,0,7,0,3,0,6,70,4,6,0,1
0,2,0,5,6,7,13,17,42,18,20,0,0,21,7,7,18,25,4,11,11,0,19,0,33,52,8,4,7,0,8,0,5,7,0,10,9,11,9,5,0,26,17,32,0,20,0,9,0,3,0,7,0,3,6,0,1
0,2,25,4,11,8,13,20,48,20,21,0,0,22,8,8,19,27,5,14,13,11,24,0,46,48,9,4,8,0,7,0,5,9,0,14,11,13,12,12,18,30,16,51,0,22,0,11,0,4,0,5,0,3,8,15,1
23,2,0,5,7,5,15,19,52,19,18,0,0,16,8,9,13,27,2,13,12,0,20,0,30,47,8,4,7,0,5,3,5,5,0,8,7,15,9,6,0,34,15,37,0,19,0,8,0,3,0,6,0,0,6,14,1
0,2,0,3,3,5,14,17,53,18,16,0,0,17,6,7,8,17,2,11,12,8,15,0,26,37,7,2,5,0,3,1,3,4,0,10,7,17,8,4,0,30,17,35,0,17,0,6,0,3,0,6,0,2,5,0,0
0,2,0,4,3,4,13,20,60,22,14,0,0,14,6,8,20,20,0,11,12,0,12,0,28,37,8,3,5,0,5,0,3,6,0,9,7,11,8,7,0,34,18,27,0,17,0,6,0,2,0,3,0,0,5,0,1
30,2,0,4,4,5,13,22,65,21,16,0,0,12,7,9,17,0,1,12,16,0,24,0,37,44,9,3,6,0,5,0,4,5,0,9,8,15,10,0,0,31,17,47,0,20,0,8,0,4,0,5,0,3,5,18,3
36,2,0,6,5,8,14,38,62,22,24,0,0,21,9,10,28,26,3,13,15,0,26,0,34,58,10,3,9,0,5,2,4,6,0,9,11,14,12,5,0,31,17,37,0,24,0,11,0,3,0,5,0,5,6,18,4
0,2,0,4,7,6,9,19,55,18,16,0,0,20,7,7,41,24,2,10,11,0,26,0,33,29,8,3,7,0,5,1,3,6,0,10,10,20,10,5,0,26,15,67,0,22,0,7,0,3,0,8,47,10,5,0,69
17,2,0,6,10,7,10,20,60,20,23,0,0,22,9,8,33,31,4,12,12,8,29,0,26,40,8,3,9,0,4,1,6,6,0,8,9,17,11,13,18,42,15,81,0,22,0,9,0,3,0,7,0,8,5,15,28
25,2,0,4,6,6,10,19,61,24,21,0,0,18,7,9,16,19,2,12,13,0,22,0,30,56,9,4,7,0,3,1,2,4,0,8,7,17,10,7,0,33,14,63,0,22,0,8,0,3,0,5,0,9,5,13,8
20,2,0,5,4,6,10,19,58,20,16,0,0,13,8,8,16,16,3,11,13,0,24,0,26,38,10,3,6,0,4,0,3,4,0,10,9,15,10,0,0,23,13,73,0,22,0,8,0,4,0,6,41,12,6,0,4
18,2,0,5,9,6,12,19,59,20,18,0,0,16,8,9,14,14,4,12,11,0,30,0,27,39,10,3,7,0,5,0,4,6,0,6,11,14,11,0,0,24,13,67,0,25,0,10,0,4,0,8,0,7,6,0,4
19,2,0,5,7,6,12,17,59,21,22,0,0,20,8,7,13,17,3,13,13,0,25,0,47,63,9,3,7,0,4,1,3,7,0,6,9,16,9,7,0,37,12,44,0,22,0,9,0,4,0,5,0,5,6,26,6
17,2,0,4,10,6,12,18,56,19,23,0,0,16,7,8,14,28,4,12,12,0,27,0,38,28,9,4,7,13,4,0,3,6,0,9,12,16,9,4,15,44,12,49,0,20,0,8,0,3,0,8,0,6,6,18,100
16,2,0,3,4,5,12,17,57,19,14,100,0,13,6,8,26,21,2,12,11,0,20,0,46,43,9,3,5,0,3,0,3,5,0,9,11,16,7,0,0,25,13,29,0,18,0,7,0,2,0,7,0,6,5,10,34
23,2,0,3,3,4,12,18,56,24,14,0,0,13,5,9,7,0,2,13,14,0,18,0,18,50,10,3,5,0,3,1,4,5,0,7,6,15,7,0,0,25,11,51,0,19,0,7,0,3,0,5,0,5,4,0,2
23,2,0,3,2,6,14,21,67,23,13,0,0,10,5,9,14,0,0,14,14,0,20,0,41,48,12,3,6,0,3,0,3,7,0,8,6,19,9,3,0,32,12,31,0,19,0,7,0,2,0,8,41,2,6,0,1
16,2,0,5,5,6,12,22,77,24,21,0,0,14,7,11,23,31,2,16,14,0,27,5,45,57,12,4,8,0,5,0,4,8,0,9,7,16,10,0,18,53,10,38,0,23,0,9,0,3,0,8,0,3,7,0,2
20,3,0,6,6,7,13,18,67,23,18,0,0,17,10,8,15,34,2,14,14,0,28,0,35,70,10,4,9,0,4,1,4,6,0,6,10,21,10,4,0,45,11,44,0,24,0,11,0,4,0,7,0,5,6,15,2
26,2,0,5,11,6,9,19,64,22,20,0,0,17,9,10,20,37,2,13,17,0,30,0,30,38,11,4,8,0,5,0,4,9,0,10,11,21,11,8,28,27,12,59,0,23,0,11,0,4,0,7,0,4,7,12,4
28,3,0,4,9,7,9,18,65,21,21,0,0,16,9,9,46,24,4,12,15,0,29,0,22,53,10,4,7,0,5,0,3,8,0,10,10,17,10,5,0,26,11,42,0,22,0,9,0,3,0,10,0,3,6,15,26
22,2,0,5,4,5,9,18,66,24,18,0,0,13,8,9,19,29,2,12,14,0,30,0,29,46,9,3,6,0,4,0,2,8,0,9,8,23,10,0,13,45,10,39,0,22,0,8,0,3,0,8,0,3,6,0,1
22,2,0,5,5,5,9,18,63,23,24,0,0,15,8,9,17,21,3,12,14,0,28,0,30,51,11,3,6,0,3,1,3,9,0,8,10,18,10,0,21,49,10,31,0,25,0,9,0,4,0,6,0,6,7,15,1
14,3,0,5,9,6,10,18,61,21,24,0,0,18,7,9,18,24,3,13,15,8,29,0,35,49,12,3,6,0,4,1,2,9,0,8,9,17,10,3,0,30,9,60,0,25,0,9,0,4,0,8,55,6,6,17,2
27,3,0,4,7,7,12,19,61,23,23,0,0,16,9,9,24,23,4,14,17,9,32,0,47,62,12,4,7,11,4,1,3,8,0,7,8,17,10,4,16,25,8,41,0,24,0,10,0,4,0,8,0,3,6,16,1
21,2,0,5,7,5,12,17,65,22,24,0,0,15,8,9,12,30,3,13,21,0,34,0,32,43,11,4,7,0,3,1,2,8,0,8,7,22,10,3,0,34,8,57,0,22,0,8,0,3,0,9,0,3,6,11,1
16,2,0,3,4,5,10,15,58,20,14,73,0,13,6,7,33,19,2,12,22,9,18,0,26,16,11,3,5,100,2,0,2,5,0,7,6,20,8,0,12,40,10,48,0,18,0,7,0,2,0,6,0,2,4,11,0
14,2,0,2,3,4,8,14,59,18,12,0,0,13,5,6,51,13,1,10,17,0,14,5,27,35,10,3,3,27,3,0,1,4,0,9,9,10,6,3,0,20,12,37,0,16,0,5,0,1,0,5,0,2,4,0,1
12,2,0,2,2,4,11,15,60,18,13,0,0,11,4,5,20,16,1,12,26,0,16,0,29,34,11,3,4,0,2,0,1,6,0,8,7,15,6,0,0,25,9,51,0,15,0,5,0,2,0,6,0,2,4,0,0
22,2,0,3,4,5,12,21,75,21,16,0,0,13,7,8,11,13,2,14,27,0,25,0,28,53,13,3,5,0,3,0,1,5,0,8,7,16,9,0,0,29,8,56,0,19,0,7,0,3,0,4,0,2,5,0,0
20,2,0,5,5,9,11,18,71,23,19,0,0,14,8,8,13,32,2,13,24,0,31,0,30,57,12,4,6,0,3,1,2,7,0,6,11,17,9,5,15,46,8,62,0,22,0,8,0,3,0,7,40,3,6,12,1
27,2,0,4,7,7,9,19,72,20,21,0,100,12,9,8,21,22,3,12,17,6,34,0,26,44,13,4,6,12,3,1,1,7,0,6,10,17,10,4,0,37,8,66,0,23,0,8,0,3,0,8,40,2,6,16,1
20,2,0,4,10,6,8,16,72,22,16,0,0,16,9,8,12,23,3,13,19,0,34,0,29,65,14,4,7,10,3,1,1,7,0,6,10,18,10,4,17,29,8,72,0,24,3,10,0,3,0,8,0,3,5,14,2
24,2,0,3,3,6,8,16,74,19,15,81,0,11,7,8,11,20,2,11,15,0,24,0,35,39,13,3,4,0,4,1,1,7,0,5,7,22,8,3,0,27,8,80,0,21,0,7,0,2,0,6,0,2,4,11,23
17,2,0,3,5,4,8,15,64,18,17,0,0,10,5,8,6,12,2,11,14,0,25,0,33,39,14,3,4,0,3,0,2,5,0,4,5,18,8,0,13,33,8,84,0,20,0,7,0,3,0,5,0,3,5,0,1
24,2,0,4,4,6,9,17,60,20,21,0,0,16,8,9,14,19,2,12,16,0,29,0,43,50,16,4,5,0,3,0,2,9,0,8,9,17,10,3,16,46,7,81,0,22,0,7,0,3,0,5,0,2,5,16,1
16,2,0,5,6,5,11,16,59,18,19,0,0,17,8,8,10,29,3,12,15,0,32,0,41,50,14,3,5,0,3,0,1,6,0,5,8,18,9,2,0,29,8,79,0,21,0,7,0,3,0,5,30,5,6,20,2
13,2,0,4,5,5,9,17,60,18,22,0,0,17,7,8,9,23,2,12,15,6,33,0,39,51,15,4,4,0,3,1,1,7,0,6,8,20,9,4,0,27,6,68,0,20,0,7,0,2,0,6,0,3,5,16,26
16,2,0,3,3,4,9,14,63,18,13,0,0,10,6,7,7,13,1,12,13,0,20,0,28,30,13,3,4,0,4,0,2,6,0,10,4,17,8,0,10,25,6,60,0,18,0,6,0,2,0,5,0,2,5,11,1
14,2,0,3,3,4,12,15,67,21,14,0,0,10,5,7,9,12,1,13,16,0,22,0,34,23,12,3,4,11,2,0,2,7,0,9,4,18,7,0,0,36,7,85,0,18,0,5,0,2,0,5,0,2,4,0,0
20,2,0,3,2,4,13,16,77,20,13,0,0,9,6,8,8,10,2,16,15,0,26,0,38,29,16,3,4,0,3,0,2,6,0,5,4,26,9,0,14,37,6,83,0,19,0,6,0,2,0,6,0,2,5,9,1
25,2,12,3,4,5,12,17,83,22,17,0,0,10,6,9,6,20,3,15,15,0,29,0,37,50,16,3,5,0,3,0,2,7,0,6,6,21,9,0,11,27,5,74,0,22,0,7,0,3,0,5,39,3,6,9,0
25,2,0,4,6,6,9,17,79,22,18,0,79,11,8,8,6,32,3,13,15,0,40,0,29,29,15,4,5,0,2,0,2,7,0,4,7,30,10,3,16,30,7,80,0,22,0,7,0,2,0,6,0,5,5,12,1
19,2,10,4,6,6,8,16,86,22,21,0,0,16,9,7,12,30,3,13,12,5,38,0,30,49,14,4,7,9,4,1,2,7,0,6,8,24,11,4,19,39,6,75,0,25,0,8,0,4,0,9,40,4,6,17,1
20,2,0,4,7,5,8,16,86,23,20,0,0,18,9,8,11,24,4,13,11,0,36,0,39,57,14,5,6,20,4,1,2,7,0,5,7,21,10,8,11,42,5,61,0,29,0,9,0,4,0,8,0,3,6,19,1
18,2,0,3,3,5,8,14,88,21,17,0,0,12,6,8,8,16,3,12,12,0,34,0,36,53,15,3,4,16,3,1,2,6,0,5,5,27,8,0,0,29,6,60,0,20,0,7,0,2,0,5,40,3,4,11,1
17,2,0,4,4,4,8,16,80,23,16,0,0,12,7,8,6,20,3,12,12,0,34,0,37,64,15,4,4,0,3,0,2,6,0,6,6,21,9,4,15,25,6,57,0,22,0,8,0,2,0,6,40,3,6,10,1
18,2,0,4,7,5,10,16,77,22,23,0,0,13,8,8,6,38,3,15,15,0,33,0,30,52,17,4,6,9,3,1,1,7,100,6,7,21,11,3,16,29,5,63,0,28,0,9,0,4,0,9,33,3,7,23,1
22,3,0,4,7,5,10,16,73,23,26,0,0,13,8,9,8,16,3,14,11,0,34,0,34,57,18,4,5,0,3,1,2,7,0,4,5,29,11,4,12,41,5,63,0,22,0,8,0,3,0,7,0,3,6,14,0
17,2,13,3,6,7,9,15,76,21,21,0,0,11,7,10,0,29,3,13,13,0,31,0,28,54,17,3,5,0,3,1,1,6,0,4,7,20,10,3,0,36,5,69,0,23,0,8,0,2,0,6,22,3,6,14,1
18,2,0,2,4,3,9,14,77,22,19,0,0,8,5,8,5,21,2,14,9,0,29,0,35,37,16,3,4,16,3,1,2,5,0,4,3,19,8,0,0,28,6,49,0,22,0,7,0,2,0,5,0,2,4,6,0
17,2,0,2,3,3,12,15,78,24,14,0,0,11,5,8,7,13,1,16,10,0,22,0,35,31,15,3,4,13,3,0,1,6,0,6,4,24,7,0,13,28,5,41,0,20,0,6,0,2,0,5,0,2,4,0,0
28,2,0,3,4,3,12,16,93,24,18,0,0,10,4,9,10,14,2,16,13,5,27,0,40,44,19,3,4,8,4,1,1,6,0,5,4,31,8,0,15,33,5,46,0,19,2,6,0,2,0,6,0,2,4,0,0
18,2,0,3,3,5,11,16,95,27,17,0,0,12,5,9,7,15,3,15,11,0,32,0,41,38,17,4,4,0,3,1,1,6,0,4,5,34,8,0,16,40,6,62,0,24,0,6,0,2,0,6,0,2,4,7,1
22,2,0,4,7,5,8,17,90,22,26,0,0,15,8,9,0,24,3,13,10,6,41,0,41,43,16,4,6,9,3,1,2,7,0,6,8,29,11,5,13,34,5,58,0,25,0,9,0,3,0,5,0,5,5,11,9
15,2,0,3,11,6,7,17,93,25,27,0,0,16,8,9,8,40,3,14,12,5,37,0,36,53,16,4,6,10,2,1,2,8,0,8,8,28,11,3,14,32,5,58,0,26,0,9,0,3,0,6,29,4,6,13,8
19,3,10,4,9,6,8,16,100,28,31,0,80,15,8,9,8,39,4,14,11,0,40,0,21,55,16,4,6,9,3,1,2,8,0,6,7,29,10,6,10,31,5,51,0,29,0,10,0,3,0,8,25,4,6,18,3
22,3,0,3,5,5,7,15,89,20,26,0,0,11,6,7,5,33,2,11,11,0,25,0,23,38,14,3,4,0,3,0,1,7,0,5,5,30,8,2,10,25,4,48,0,21,0,7,0,3,0,5,0,5,5,5,1
21,2,0,3,4,6,7,15,73,22,19,0,0,11,6,8,5,23,2,11,9,0,29,0,27,44,14,3,4,0,3,1,1,6,0,5,5,29,8,2,16,21,4,55,0,25,0,7,0,3,0,7,0,4,5,10,1
26,3,0,5,8,6,7,15,76,23,27,0,0,16,7,10,5,44,4,12,9,5,32,0,24,52,14,4,6,7,3,1,1,7,0,5,9,28,10,4,15,23,5,42,0,26,0,8,0,4,0,8,27,6,6,22,1
18,2,11,4,7,7,8,13,70,19,26,0,0,16,7,9,9,34,4,13,9,0,32,0,30,33,15,4,5,0,3,1,1,8,0,5,6,27,10,5,9,20,4,44,0,24,0,8,0,3,0,8,24,4,6,20,1
15,2,8,4,6,6,8,13,72,21,28,0,0,13,6,8,5,25,4,12,10,5,40,0,22,40,14,4,5,7,2,1,1,7,0,6,7,26,9,5,10,31,4,46,0,24,0,7,0,3,0,6,23,3,6,14,1
30,2,0,2,3,3,9,13,73,22,21,0,0,9,5,8,4,16,2,13,9,0,34,0,26,43,13,3,3,0,2,1,1,6,0,4,4,21,7,2,0,26,4,44,0,22,0,6,0,2,0,5,0,3,4,0,1
17,3,0,2,2,3,10,13,72,21,16,50,0,8,4,7,8,17,2,13,8,0,30,0,31,29,14,3,3,0,2,0,1,7,0,4,4,41,7,0,9,19,4,40,0,19,0,5,0,2,0,7,0,2,3,5,0
24,3,0,3,3,3,10,13,89,23,17,0,0,9,5,8,4,19,2,14,11,0,30,0,29,34,14,3,4,0,2,1,1,6,0,4,5,36,8,0,10,18,4,50,0,20,0,6,0,2,0,5,0,2,5,6,0
28,3,0,2,3,4,9,14,93,25,23,0,0,9,6,10,3,19,3,13,9,0,27,0,42,25,16,4,4,0,2,0,1,7,0,5,5,41,8,0,13,26,4,51,0,21,0,6,0,3,0,6,24,3,4,9,1
31,3,0,4,5,5,7,15,86,22,26,0,0,16,8,8,6,35,4,12,10,6,33,0,21,53,14,4,6,0,2,1,2,8,0,5,7,24,11,2,12,36,3,47,0,25,0,8,0,4,0,7,0,4,6,13,1
16,3,0,5,8,6,7,15,85,25,32,0,0,16,8,9,15,38,6,11,10,5,39,0,28,39,13,4,6,0,3,1,2,7,0,8,9,25,11,5,16,21,3,64,0,26,0,9,0,3,0,6,0,3,6,17,11
17,2,0,3,7,5,6,13,85,21,28,0,0,18,8,8,7,37,7,10,11,7,38,3,21,37,13,5,5,11,3,1,2,7,0,5,7,32,10,6,32,14,4,57,0,28,0,8,0,3,0,7,0,3,7,19,1
20,2,0,3,3,6,7,11,83,19,24,0,0,11,7,9,10,18,5,11,8,5,30,0,23,32,13,3,4,9,2,1,0,6,0,6,5,42,9,0,18,14,3,58,0,23,0,6,0,3,0,5,0,3,5,5,0
28,2,0,4,4,6,7,13,70,20,26,0,0,12,8,10,6,29,4,11,9,0,27,0,21,37,13,4,5,0,3,1,1,6,0,5,6,35,10,3,12,13,4,53,0,26,0,7,0,3,0,7,0,3,5,17,0
19,3,12,5,7,6,8,15,72,20,34,0,0,14,9,10,6,42,5,12,10,7,36,0,28,41,14,4,6,25,3,2,2,9,0,5,8,34,11,3,21,14,4,52,0,29,0,9,0,4,0,7,0,3,6,25,1
21,2,8,4,10,6,9,13,69,19,31,0,0,17,8,9,5,40,5,12,10,0,38,0,17,41,14,5,5,19,3,1,2,7,0,7,7,41,10,6,17,18,4,62,0,30,0,8,0,3,0,7,0,3,6,18,1
62,17,9,3,8,7,11,15,65,32,31,0,0,12,9,24,6,25,5,14,10,0,43,13,41,33,17,5,5,17,3,1,2,9,0,5,5,26,10,3,13,16,3,51,0,30,0,10,0,3,0,8,28,3,8,11,1
99,31,0,2,3,6,14,18,64,46,25,0,0,10,9,36,5,25,2,18,9,0,48,27,50,31,17,5,3,8,2,1,1,10,0,4,4,29,8,0,0,16,4,50,0,31,0,10,0,2,0,7,22,4,9,0,1
100,28,0,3,3,5,16,22,76,43,26,0,0,12,10,36,4,24,2,19,11,0,46,23,46,46,20,5,4,7,2,0,1,11,0,5,4,42,10,0,16,24,3,53,0,34,0,12,0,2,0,7,27,1,8,5,0
85,18,9,3,3,4,15,18,78,35,28,0,0,9,8,28,3,29,2,19,10,0,43,14,40,43,19,5,5,0,2,1,1,10,0,4,4,40,10,2,0,19,4,65,0,28,0,10,0,3,0,8,0,2,7,0,1
31,5,9,4,3,4,11,14,79,24,24,0,0,11,6,12,8,20,4,14,10,0,34,5,20,28,16,4,5,0,2,1,1,7,0,6,5,44,9,2,16,16,3,52,0,26,0,8,0,3,0,9,0,3,6,10,0
29,5,10,4,7,7,9,15,82,24,31,0,0,16,9,13,6,28,5,14,10,0,40,6,25,28,14,5,6,11,2,2,1,8,0,7,7,34,12,4,20,15,4,53,0,31,0,9,0,4,0,7,0,3,7,20,1
28,3,11,4,8,5,9,13,77,23,29,0,0,17,10,11,0,42,5,13,9,0,40,0,17,34,15,5,6,0,3,1,1,7,0,7,7,40,12,4,16,16,4,60,0,28,0,9,0,4,0,8,0,3,6,20,1
16,2,0,4,7,6,8,12,69,22,32,0,0,18,8,9,7,39,6,12,9,0,35,0,21,44,14,5,5,19,4,1,1,8,0,7,7,35,11,2,24,14,3,57,0,28,0,8,0,4,0,8,0,3,6,16,0
23,3,10,3,3,6,9,13,63,22,28,0,0,10,6,10,6,25,4,12,10,0,28,0,16,36,13,4,4,31,3,1,1,7,0,6,4,49,10,0,20,14,3,48,0,26,0,7,0,3,0,7,23,3,5,10,1
19,3,0,4,4,5,9,14,61,23,32,0,0,15,8,11,4,39,5,13,12,0,35,0,13,44,15,4,5,16,4,1,1,7,0,5,6,37,12,0,11,16,3,55,0,31,0,8,0,4,0,6,0,4,7,16,1
22,3,9,5,6,6,9,14,59,21,32,0,0,15,8,11,5,47,5,13,10,0,39,0,21,39,15,4,5,18,3,1,1,7,0,6,7,35,11,2,12,15,3,51,0,30,0,8,0,4,0,8,0,4,7,23,12
23,3,12,4,8,5,10,12,57,21,32,0,0,17,8,10,6,47,5,14,10,6,36,0,18,44,13,5,5,9,4,1,1,8,0,6,6,36,11,5,10,15,3,44,0,28,0,8,0,4,0,8,0,3,6,18,1
19,3,0,3,7,7,9,12,56,22,27,0,0,12,7,10,7,26,5,13,9,0,39,0,17,46,13,4,5,12,3,0,1,7,0,5,5,23,9,0,10,15,3,43,0,30,0,7,0,3,0,7,25,3,6,14,1
24,3,0,3,3,4,11,13,51,22,19,0,0,8,6,9,4,22,3,13,8,0,30,3,18,24,13,4,3,14,2,1,1,6,0,13,4,41,8,0,17,14,3,43,0,24,0,6,0,2,0,7,0,2,5,6,1
23,4,7,3,4,4,12,15,60,26,23,0,0,9,5,11,4,16,3,14,9,0,29,3,21,38,18,5,4,59,3,1,1,7,0,15,4,43,9,3,12,16,2,56,0,25,0,7,0,3,0,9,0,3,6,10,0
43,8,13,4,4,5,14,18,65,30,30,0,0,11,8,15,3,21,3,17,11,0,34,4,30,35,19,6,4,64,3,1,1,9,0,5,5,60,10,0,10,16,3,57,0,31,0,8,0,3,0,9,0,2,7,9,0
68,10,17,4,5,7,15,27,72,35,37,0,0,12,10,22,3,21,4,17,12,0,49,9,44,33,25,7,5,37,3,1,1,9,0,5,6,48,13,2,13,17,3,68,0,32,0,12,0,4,0,9,56,3,9,8,0
59,11,18,5,9,8,16,26,69,41,46,0,0,15,12,23,6,43,6,19,15,5,55,9,45,48,24,8,6,36,5,1,1,13,0,7,8,37,14,6,19,17,3,76,0,42,0,15,100,5,0,9,28,4,10,22,1
60,13,19,5,8,8,17,25,70,39,40,0,0,17,11,20,8,43,6,19,11,0,55,12,40,47,23,7,6,13,4,1,1,13,0,5,8,38,15,4,17,18,3,68,0,40,0,13,0,4,0,9,29,5,10,17,2
91,22,34,5,9,9,21,37,70,55,46,0,0,17,12,25,9,37,6,23,13,5,68,22,56,41,26,10,6,11,5,2,1,18,0,6,8,38,15,4,33,17,2,88,76,47,0,15,0,5,0,11,43,5,10,21,0
73,24,33,4,5,10,22,37,64,53,36,0,0,13,10,27,6,27,3,20,13,0,64,33,49,26,24,9,4,0,4,1,1,17,0,6,5,46,13,0,11,22,3,98,100,39,0,14,0,3,0,9,39,4,10,13,0
81,19,20,4,7,8,23,38,59,46,38,0,0,15,11,24,7,44,4,19,13,0,65,21,39,50,24,9,5,8,4,1,1,16,0,4,5,35,13,3,18,18,3,82,89,41,0,13,0,4,0,10,24,3,9,16,0
84,18,27,5,7,8,21,38,56,43,39,0,0,16,12,26,9,47,5,20,11,0,63,22,42,42,27,10,5,12,4,2,2,16,0,6,8,33,14,2,18,17,3,77,0,44,0,14,0,4,0,13,30,5,10,22,1
65,13,22,4,9,7,17,22,45,36,39,0,0,15,9,17,6,44,5,18,11,4,49,12,27,36,19,8,5,7,3,2,1,11,0,5,6,47,12,4,25,16,3,79,0,32,2,12,97,4,0,8,35,4,8,23,10
53,16,18,3,10,7,15,26,49,44,41,0,0,14,9,18,6,25,5,17,9,0,56,18,31,39,16,8,4,9,3,1,1,13,0,6,6,39,10,0,17,16,3,74,0,34,0,10,0,3,0,8,0,5,8,14,1
72,20,17,4,5,7,21,36,55,46,35,45,0,11,9,25,8,27,3,21,13,0,59,22,38,32,27,9,4,7,3,1,1,15,0,5,6,76,12,0,16,20,3,78,0,34,0,12,0,3,0,10,38,3,9,11,1
82,20,26,4,5,7,22,36,64,49,38,0,0,11,9,27,6,33,3,24,13,0,59,20,47,42,27,11,4,0,4,1,1,16,0,5,6,71,12,2,20,26,2,87,0,40,0,13,0,3,0,9,29,3,9,16,0
74,19,16,3,5,6,21,32,66,48,38,0,0,11,9,22,7,30,4,20,12,0,63,20,43,30,24,9,4,0,4,2,1,14,0,6,6,84,13,0,8,22,3,87,0,36,0,12,0,3,0,9,22,4,9,8,0
71,18,24,5,7,8,19,33,72,47,46,0,63,14,11,24,21,30,4,20,12,0,65,18,47,45,27,10,6,0,3,1,2,15,0,14,8,42,15,2,14,15,3,85,66,38,0,14,0,4,0,10,26,4,9,8,1
62,15,24,6,8,8,17,36,66,39,49,0,0,16,12,23,15,35,4,21,12,0,64,11,42,45,22,9,7,11,3,2,2,14,0,7,9,49,15,3,0,22,3,71,0,43,0,14,0,5,0,10,40,4,11,18,1
65,17,29,4,8,9,16,29,68,42,50,0,0,18,12,23,9,37,4,19,12,0,65,18,36,53,24,10,6,13,3,2,1,14,0,6,7,37,16,4,19,22,2,65,0,45,0,14,0,4,0,9,34,4,11,22,1
67,20,20,4,10,9,18,31,63,41,52,0,0,26,11,26,11,35,5,20,14,0,69,21,46,45,24,10,6,10,4,2,2,16,0,5,7,34,16,2,15,18,2,74,0,45,0,13,0,4,0,10,37,4,10,18,1
68,19,28,3,5,8,16,30,61,41,42,0,0,21,10,24,7,36,4,20,12,0,58,23,40,35,22,9,5,11,3,1,1,14,0,8,6,43,15,0,10,14,3,73,0,38,0,12,0,3,0,9,30,4,9,10,0
63,16,19,5,4,7,14,27,55,40,39,0,56,14,11,23,8,33,4,18,13,5,54,18,45,42,22,9,4,15,4,1,2,13,0,5,6,32,15,2,21,20,2,59,78,40,0,12,0,4,0,9,22,4,9,16,1
46,15,19,3,8,8,10,18,51,33,34,0,53,20,10,20,7,36,4,18,10,8,61,16,41,33,22,7,4,6,8,4,1,12,0,12,6,17,14,3,15,13,2,61,0,40,0,11,0,3,0,9,28,2,9,19,1
43,12,7,3,8,7,5,12,55,32,39,0,0,22,8,12,7,31,4,10,7,5,54,15,22,32,17,6,8,11,5,3,1,11,0,8,6,11,14,4,12,9,2,51,49,34,0,8,0,4,0,7,23,2,7,23,0
46,14,24,3,28,13,7,14,55,31,53,0,0,25,13,15,12,36,8,11,8,8,92,13,29,35,22,7,8,6,5,2,1,14,0,5,7,9,16,8,18,12,2,69,0,40,0,12,0,5,0,11,0,3,11,73,0
51,14,10,4,22,9,7,18,65,37,54,0,0,22,12,16,26,37,7,13,9,5,92,14,38,39,24,8,7,8,5,2,1,13,0,5,6,9,19,5,17,17,2,51,0,37,0,11,0,4,0,9,22,3,10,53,0
49,11,16,3,6,5,9,15,70,33,34,0,0,13,8,14,9,30,3,13,9,0,54,12,29,49,20,6,3,0,3,2,2,9,0,4,4,12,13,0,9,20,1,53,0,29,0,8,0,2,0,7,0,3,6,8,0
58,11,14,3,7,5,9,18,66,37,34,0,0,13,7,14,4,26,2,14,10,4,49,11,33,40,18,6,4,0,3,2,2,8,0,5,4,17,12,2,11,15,2,50,0,30,0,8,0,2,0,9,0,2,7,8,3
43,10,12,3,7,6,8,18,66,33,37,0,55,11,7,14,9,31,3,13,10,0,53,9,34,44,19,6,4,6,3,1,2,9,0,4,5,20,14,0,0,19,1,47,0,32,0,9,0,3,0,7,22,2,7,10,1
30,6,13,3,6,5,7,14,59,25,36,0,0,11,7,10,8,30,3,10,7,3,40,5,25,33,14,4,4,0,3,1,1,8,0,5,4,17,12,0,10,17,2,55,0,28,0,8,0,3,0,8,23,3,6,11,3
23,6,17,4,7,6,5,13,57,26,40,0,52,13,9,10,7,37,4,10,9,0,48,5,19,38,13,5,5,9,3,2,1,9,0,6,7,13,13,0,21,15,2,56,0,30,0,9,0,3,0,8,0,3,6,17,56
28,6,10,3,7,6,5,12,58,26,41,0,0,15,8,11,8,35,4,10,10,0,44,6,21,39,14,5,5,7,3,2,1,7,0,6,6,15,13,2,19,15,1,54,0,29,0,9,0,3,0,8,0,5,6,15,1
29,6,12,3,6,5,5,12,57,23,37,0,0,11,7,11,8,33,4,10,8,0,43,6,22,29,14,4,3,0,5,1,1,6,0,15,5,17,12,0,10,15,1,77,0,28,0,8,0,2,0,6,0,2,6,13,1
36,7,13,3,6,5,5,13,53,32,34,0,0,10,7,12,7,33,3,10,8,0,47,7,23,39,13,4,3,0,4,1,1,10,0,13,3,17,13,2,18,15,1,81,0,29,0,8,0,3,0,7,0,2,7,8,0
42,11,13,4,6,7,7,15,56,36,41,41,0,16,8,14,8,38,4,12,9,0,52,10,24,34,15,5,4,0,4,1,1,9,0,7,5,18,14,0,12,16,1,73,62,32,0,9,0,2,0,7,21,3,7,8,0
50,12,15,4,8,6,8,14,47,35,35,0,0,14,8,15,8,46,4,13,8,0,48,11,31,30,15,5,4,0,4,1,1,10,0,6,5,14,13,0,12,14,1,71,0,34,0,9,0,3,0,7,0,3,9,14,0
43,8,14,3,8,6,8,14,47,33,38,0,0,13,7,13,10,51,4,13,8,0,52,7,31,33,16,5,5,0,4,1,1,10,0,5,4,21,13,2,15,15,2,62,0,32,0,9,0,3,0,10,0,2,7,13,0
47,10,14,4,8,7,9,16,53,33,46,0,0,14,8,15,7,48,4,15,8,0,51,8,26,36,19,5,4,0,4,2,1,12,0,5,4,26,14,2,21,16,1,71,0,36,0,10,0,3,0,10,0,3,8,17,0
47,9,0,3,5,5,11,16,56,35,36,0,0,11,7,14,6,39,3,17,8,0,42,6,31,32,17,5,4,0,3,1,1,8,0,5,4,40,12,0,14,16,1,77,0,32,0,8,0,2,0,9,21,2,7,8,0
61,9,13,3,6,6,10,19,57,38,33,0,0,9,8,16,5,37,2,20,9,0,45,8,30,27,18,5,3,0,3,1,2,9,0,5,5,35,12,2,14,16,2,75,0,37,0,9,0,3,0,11,0,2,8,13,0
62,13,15,4,6,6,11,20,61,47,36,0,0,11,9,19,10,28,3,17,10,0,56,13,30,38,20,6,4,0,5,1,1,11,0,4,5,30,14,0,10,16,2,77,0,37,0,11,0,4,0,9,20,3,9,8,1
63,8,22,3,7,7,9,17,52,30,41,0,0,13,9,16,6,36,5,16,11,4,48,6,28,40,18,6,5,0,4,1,1,10,0,5,4,29,14,4,16,15,2,77,0,39,0,12,0,4,0,9,0,2,7,13,0
51,10,16,4,9,8,10,17,54,32,53,0,0,13,11,16,8,52,7,17,11,4,56,9,26,41,17,6,5,9,4,2,1,12,0,5,5,22,16,2,19,15,2,85,0,42,0,12,0,4,0,9,0,3,9,20,0
46,7,17,3,7,7,13,14,45,27,45,0,0,13,8,14,6,43,6,16,10,3,47,6,20,27,14,6,5,0,3,1,1,9,0,3,5,43,12,3,17,13,1,55,0,38,0,10,0,3,0,9,0,2,8,17,0
35,6,11,4,6,7,10,16,60,24,57,0,0,14,8,12,8,38,7,15,10,0,53,4,22,46,13,5,5,6,4,2,1,11,0,7,5,31,14,3,24,15,1,61,0,34,0,9,0,3,0,9,23,3,8,14,0
29,6,14,4,4,6,11,17,56,26,44,0,0,15,8,12,7,41,6,14,11,0,53,3,17,50,13,5,3,0,4,1,1,10,0,11,5,28,14,2,19,15,1,54,0,37,0,9,0,3,0,7,15,2,7,10,0
27,5,19,4,6,8,8,17,46,26,54,0,36,18,11,12,7,65,10,14,9,4,65,5,14,47,13,6,5,0,5,2,2,10,0,8,6,26,16,3,26,16,1,66,0,40,0,11,0,4,0,12,0,3,8,22,0
17,5,14,3,7,7,8,16,42,29,49,0,42,15,8,11,6,60,8,13,8,6,61,3,16,23,12,5,4,5,4,2,1,11,0,7,5,14,13,4,22,14,1,66,0,37,0,8,48,3,0,8,12,3,8,19,1
25,5,18,4,6,7,9,18,44,24,49,0,49,15,8,11,5,51,10,12,9,5,64,3,18,26,14,5,4,5,4,2,1,10,0,5,5,33,13,2,26,14,1,65,36,35,1,9,0,3,0,9,0,2,7,15,1
21,5,15,4,4,5,10,17,52,23,45,0,36,13,8,11,4,58,8,13,9,3,54,4,15,36,15,5,3,5,4,3,3,10,0,4,4,27,13,1,24,13,1,68,0,35,0,8,49,3,0,7,15,4,7,10,0
30,5,11,2,3,4,10,19,52,24,41,0,0,10,6,10,4,38,6,13,9,3,41,2,13,34,14,5,3,6,3,2,1,8,0,4,3,52,12,1,22,14,1,74,0,30,0,7,61,2,0,9,23,2,6,7,0
47,8,11,3,4,5,12,21,56,26,45,0,41,12,8,16,5,43,6,14,10,3,51,6,21,46,18,5,3,5,4,2,2,9,0,4,4,31,14,2,26,14,1,87,0,36,0,10,49,3,0,9,16,2,8,5,1
44,11,11,4,5,6,13,23,61,31,47,0,35,13,10,19,7,48,7,15,11,3,62,6,29,39,20,6,4,5,4,2,2,11,0,5,5,31,17,1,29,14,1,84,0,41,0,11,0,4,0,8,16,3,10,8,0
43,12,18,4,7,8,12,21,51,31,51,28,68,17,11,18,8,49,9,14,11,8,63,7,21,37,18,6,6,7,4,3,1,10,0,6,6,32,15,3,33,13,1,76,0,43,0,12,0,5,0,11,12,3,10,17,1
45,9,16,4,7,8,12,20,49,26,60,0,40,16,11,18,13,53,9,13,11,5,71,5,28,34,17,7,6,8,4,3,2,12,0,7,7,29,15,2,34,12,1,77,0,44,0,12,0,5,0,10,18,4,9,16,4
46,10,18,4,8,8,12,20,47,27,58,0,63,16,11,17,6,57,10,12,9,7,73,6,25,30,16,7,5,9,4,3,1,11,0,7,6,35,17,2,27,13,1,78,0,43,0,12,0,5,0,9,12,5,9,18,0
51,9,15,3,4,7,11,23,51,26,53,0,48,15,9,16,5,50,12,12,10,12,72,5,24,34,16,6,4,8,4,3,1,11,0,4,5,47,16,2,30,12,1,64,0,37,0,10,46,4,0,9,22,4,10,11,0
47,7,12,4,5,7,8,19,46,25,49,0,0,14,9,17,7,42,8,12,10,8,57,4,24,39,14,6,3,6,4,2,1,9,0,6,5,37,14,0,27,11,1,62,0,38,0,10,0,4,0,8,17,2,9,11,0
39,7,17,5,7,7,8,18,47,27,57,0,53,17,9,13,8,53,10,13,9,8,69,5,17,41,14,6,4,7,4,3,1,10,0,4,6,33,14,3,40,12,1,66,0,39,0,10,0,4,0,9,24,3,8,22,0
36,5,18,3,5,5,9,16,40,23,45,0,44,13,7,12,5,46,8,13,8,5,53,3,18,26,13,5,4,5,3,2,1,11,0,4,4,44,14,3,19,12,1,58,0,34,0,9,0,3,0,10,23,2,7,11,0
33,6,22,5,6,7,9,18,45,24,52,0,50,17,9,14,6,58,9,13,11,6,63,4,17,33,16,5,4,9,4,3,2,10,0,5,5,43,16,3,32,13,1,79,0,36,0,11,0,4,0,10,18,3,9,21,3
34,5,15,3,4,5,9,19,47,24,44,0,0,12,7,13,6,44,6,12,9,4,47,3,14,38,14,5,3,7,3,2,3,10,0,4,5,64,14,1,22,11,1,67,0,33,0,8,0,3,0,8,20,3,7,10,0
44,6,9,3,3,4,10,25,50,23,48,0,41,10,7,15,5,36,6,14,10,0,45,3,21,34,16,5,3,5,3,1,2,9,0,3,4,100,14,2,25,12,1,81,0,34,0,10,0,3,0,9,27,2,9,7,0
33,5,12,3,3,5,10,21,50,25,48,0,44,10,7,14,6,38,6,14,11,3,49,0,18,46,16,6,3,5,3,1,2,9,0,4,4,79,14,0,28,11,1,88,0,34,0,9,57,4,0,7,13,2,7,7,0
31,5,13,4,4,6,9,20,88,23,48,0,0,11,8,13,6,34,6,13,10,3,51,5,16,37,14,5,4,5,3,1,2,9,0,4,5,73,14,1,23,11,1,73,0,37,0,9,0,4,0,8,38,2,6,8,1
38,6,9,4,5,7,10,19,47,28,51,0,0,16,9,14,18,45,7,13,11,10,57,2,15,41,13,5,5,5,4,2,2,9,0,8,6,46,14,3,19,10,1,62,0,41,0,11,45,5,0,8,27,4,8,13,1
24,6,14,4,6,7,9,16,44,28,63,33,0,14,11,13,13,51,8,12,11,6,55,4,11,47,13,6,5,9,4,2,1,10,0,6,6,52,14,2,27,10,1,78,0,40,0,10,0,4,0,8,35,3,8,14,2
35,5,13,4,5,5,9,16,44,25,54,0,39,14,9,12,9,49,8,12,11,4,57,3,14,40,12,6,4,7,3,2,2,8,0,3,5,62,14,1,27,10,1,62,0,37,0,10,60,4,0,8,20,2,7,14,5
40,5,12,3,4,6,9,20,42,29,51,30,36,14,9,15,8,43,7,12,12,3,57,3,10,42,12,5,3,8,4,1,2,10,0,4,4,63,14,0,26,10,1,54,0,35,0,10,71,3,0,7,29,2,8,11,1
41,6,14,5,4,6,12,21,37,34,55,0,47,15,11,17,9,41,8,14,11,6,62,2,19,43,13,6,4,7,4,2,2,12,0,4,4,53,15,0,36,10,1,59,0,38,0,11,0,4,0,8,20,3,9,11,1
33,6,17,4,5,6,11,18,32,28,50,0,51,13,10,15,9,51,8,12,11,3,70,4,14,38,13,6,4,6,4,1,2,11,0,3,5,29,14,2,29,9,1,54,0,36,0,10,0,3,0,7,17,2,8,9,1
41,6,17,3,5,6,12,18,34,24,54,0,0,14,9,15,9,65,7,12,11,0,56,5,18,31,14,6,4,0,4,2,4,11,0,5,5,44,14,1,31,11,1,51,0,36,2,9,0,3,0,9,0,2,8,14,1
37,6,17,4,5,6,11,19,38,26,49,0,0,16,10,15,11,48,7,14,12,0,64,4,19,44,15,6,4,9,4,3,8,11,0,4,5,42,14,1,32,10,1,67,0,38,0,10,0,3,0,7,19,4,8,12,1
37,6,17,4,3,5,10,19,42,24,47,0,0,12,8,14,8,49,6,14,11,0,56,4,19,38,14,5,3,8,3,2,2,11,0,3,5,88,12,0,29,11,1,69,0,34,0,9,0,3,0,7,0,3,8,8,1
40,6,15,4,3,5,11,21,41,27,47,0,0,15,8,17,6,51,5,15,12,0,54,5,17,46,15,6,3,8,3,1,3,10,0,3,4,55,14,1,22,11,1,67,0,35,0,10,71,3,0,7,17,3,8,10,2
33,6,13,5,3,5,10,21,39,26,50,0,0,12,9,17,9,45,5,15,12,3,58,4,15,42,14,6,3,0,5,2,3,11,0,3,5,53,14,1,40,11,1,61,0,34,0,10,0,3,0,8,20,2,8,7,1
35,6,14,5,4,6,10,20,46,27,48,0,0,14,10,16,7,36,6,15,13,0,58,5,17,46,15,5,4,6,4,1,2,12,0,4,6,38,15,2,27,10,1,64,0,37,0,11,0,4,0,7,24,3,11,9,1
37,9,14,5,4,7,10,20,40,26,53,0,0,14,12,17,8,52,7,15,14,0,63,6,22,43,15,6,4,6,4,1,2,10,0,5,6,39,14,3,32,10,1,63,60,42,0,12,52,5,0,8,0,3,12,15,1
33,9,16,5,4,9,10,19,37,29,59,33,45,15,11,17,6,53,8,14,12,0,62,7,20,36,15,7,5,7,5,2,2,11,0,4,7,46,15,0,31,9,1,66,0,42,0,12,57,5,0,7,35,4,9,13,14
37,7,8,5,4,8,10,18,36,26,58,7,13,14,10,16,7,41,7,14,12,1,58,3,19,48,13,7,5,4,4,1,2,10,0,4,6,56,14,1,30,9,0,57,10,42,0,11,28,4,0,5,12,4,9,8,1
